<?xml version="1.0" encoding="UTF-8"?>
<metadata xml:lang="en"><Esri><CreaDate>20241204</CreaDate><CreaTime>17363600</CreaTime><ArcGISFormat>1.0</ArcGISFormat><SyncOnce>TRUE</SyncOnce><DataProperties><lineage><Process ToolSource="d:\arcgis\server\framework\runtime\arcgis\Resources\ArcToolbox\toolboxes\Data Management Tools.tbx\SetRasterProperties" Date="20241204" Time="173636">SetRasterProperties D:\arcgisserver\directories\arcgisjobs\landfireproductservice_gpserver\j029a246a4ad0482dbd96c813e715647f\scratch\j029a246a4ad0482dbd96c813e715647f.tif Thematic # # # "Creator 'USGS EROS Landfire Product Service'" #</Process></lineage></DataProperties></Esri></metadata>
